Stock,Published Date,Headline,Total Article Count (Last 30 Days)
GME,2025-04-12,Time to ask Al Sharpton: Why should DEI exist in the first place?,555
GME,2025-04-12,Stock Traders Purchase Large Volume of Call Options on GameStop (NYSE:GME),555
GME,2025-04-11,"Nintendo Switch 2 pre-orders: Release date, prices, delays and everything else you need to know",555
GME,2025-04-11,Disney Illusion Island PS5 And Xbox Preorders Are Live At Amazon For $30,555
GME,2025-04-11,Pokemon Card Shortages Are Pushing Up Prices Where You Least Expect It,555
GME,2025-04-11,GLOBE Mission Earth Supports Career Technical Education,555
GME,2025-04-11,GameStop Tests Key Level After Historic Rally As CEO Loads Up; Are Meme Stocks A Buy Or Sell Now?,555
GME,2025-04-11,Where to buy Magic: The Gathering – Tarkir: Dragonstorm,555
GME,2025-04-11,Promising Ecommerce Stocks Worth Watching – April 9th,555
GME,2025-04-11,Promising Virtual Reality Stocks To Watch Now – April 9th,555
GME,2025-04-11,"American Century Companies Inc. Has $909,000 Stock Holdings in GameStop Corp. (NYSE:GME)",555
GME,2025-04-10,tencentcloud-sdk-python-gme 3.0.1358,555
GME,2025-04-10,The Last Of Us DualSense PS5 Controller Restocked At Walmart On Launch Day,555
GME,2025-04-10,"Bill Miller IV Reveals Firm’s Investment in GME, Touts Bitcoin Treasury Strategy",555
GME,2025-04-10,Why This Crypto Startup Just Put a GameStop Redditor in its C-Suite,555
GME,2025-04-10,LIVE: Struggling to pre-order the Nintendo Switch 2? Here's how and when to buy,555
GME,2025-04-10,Top Ecommerce Stocks To Follow Today – April 8th,555
GME,2025-04-10,"Ryan Cohen Buys 500,000 Shares of GameStop Corp. (NYSE:GME) Stock",555
GME,2025-04-10,Magic Eden acquires crypto trading app Slingshot to move beyond NFTs,555
GME,2025-04-10,Finances by Eric Kim,555
GME,2025-04-10,"Before Clair Obscur: Expedition 33, Check out This Underrated Turn-Based Gem of an RPG",555
GME,2025-04-09,"Fatal Fury: City of the Wolves Physical Edition, How to Play Early",555
GME,2025-04-09,tencentcloud-sdk-python-gme 3.0.1357,555
GME,2025-04-09,Nintendo Switch 2 Is Causing MicroSD Express Cards To Sell Out - Here's Where To Get One,555
GME,2025-04-09,Ripple Acquires Prime Broker Hidden Road For $1.25 Billion,555
GME,2025-04-09,"Nintendo Confirms Delay of Switch 2 Pre-orders in Canada, June 5 Launch Remains Unchanged",555
GME,2025-04-09,Batman: Three Jokers Red Hood Frostbite Edition Figure Revealed,555
GME,2025-04-09,The Whimsical Metroidvania Disney Illusion Island Is Coming To PS5 And Xbox Soon,555
GME,2025-04-09,Scrooge McDuck Joins 'Disney Illusion Island' In Free Update This May,555
GME,2025-04-09,The Night King Returns with Game of Thrones Frostbite Edition Figure,555
GME,2025-04-09,Top Ecommerce Stocks To Consider – April 7th,555
GME,2025-04-09,Best Virtual Reality Stocks To Keep An Eye On – April 7th,555
GME,2025-04-09,"Lawrence Cheng Purchases 5,000 Shares of GameStop Corp. (NYSE:GME) Stock",555
GME,2025-04-09,Bitcoin Events announces the highly anticipated Strategic Bitcoin Reserve Summit is just one week away!,555
GME,2025-04-09,My Nintendo Store Sets Restrictions on Switch 2 Pre-Orders in Japan,555
GME,2025-04-09,Nintendo Delays Switch 2 Pre-Orders in Canada to Align with U.S. Date,555
GME,2025-04-09,GameStop Corp. (GME): Among Stocks Insiders Bought in April After Trump’s Tariff Rollout,555
GME,2025-04-09,Gainey McKenna & Egleston Announces A Class Action Lawsuit Has Been Filed Against Canopy Growth Corporation (CGC),555
GME,2025-04-09,"Gainey McKenna & Egleston Announces A Class Action Lawsuit Has Been Filed Against Everus Construction Group, Inc. (ECG)",555
GME,2025-04-09,"Gainey McKenna & Egleston Announces A Class Action Lawsuit Has Been Filed Against Viatris, Inc. (VTRS)",555
GME,2025-04-08,"Nintendo Switch 2 pre-orders: Everything you need to know about prices, delays and more",555
GME,2025-04-08,Switch 2 Game Cards vs. Game-Key Cards vs. Downloads: What's the Difference?,555
GME,2025-04-08,Business Leaders Voice Concerns About Tariffs,555
GME,2025-04-08,"Stocks Volatile As Rally Dims Amid Trump Tariff Talks, China Vows “Fight To The End”",555
GME,2025-04-08,Nintendo Switch 2 MicroSD Express Cards are already up for grabs,555
GME,2025-04-08,Marvel Legends Maximum Hulk Figure Pre-Orders Drop April 10th,555
GME,2025-04-08,This famous pro-Donald Trump CEO who went gaga over the president now goes viral for meltdown as new trade war hits home harder than expected,555
GME,2025-04-08,"GameStop CEO Ryan Cohen's Support For Trump Faces New Test After He Posts '$10,000 iPhone' Tweet Amid Market Turmoil And Tariff Fallout",555
GME,2025-04-08,Trump Is Turning the Entire Market Into a Meme Stock,555
GME,2025-04-08,I Loved Being a Soldier,555
GME,2025-04-08,"Customer Refuses To Help A Kid At GameStop Find A Particular Game, But The Boy’s Mom Thinks The Customer Is An Employee And Tries To Get Him Fired",555
GME,2025-04-08,"Woman Encouraged Her Kid To Ask A GameStop Employee An Obscure Question, But The Employee Was On Her Lunch Break. So The Mom Was Not Happy With The Answer.",555
GME,2025-04-08,Retirement is Dead,555
GME,2025-04-08,Another Silver Squeeze Is Close – Here’s What It Means For Prices,555
GME,2025-04-08,Retirement is Dead,555
GME,2025-04-07,Watch These GameStop Price Levels as Stock Has Bucked Broader Sell-Off,555
GME,2025-04-07,Nintendo Switch 2 game-key cards can be shared and resold,555
GME,2025-04-07,Corporate Bitcoin treasuries drop more than $4B on US tariff hike impact,555
GME,2025-04-07,tencentcloud-sdk-python-gme 3.0.1356,555
GME,2025-04-07,GameStop Stock Sees RS Rating Jump To 92,555
GME,2025-04-07,GameStop CEO cries about Trump’s tariffs after blaming DEI for poor business,555
GME,2025-04-07,GameStop Stock Is Shrugging Off the Selloff as CEO Ryan Cohen Buys Shares. How Should You Play GME Here?,555
GME,2025-04-07,Daemon X Machina: Titanic Scion Is First Switch 2 Game You Can Preorder In The US,555
GME,2025-04-07,Janover Raises $42 Million to Accelerate Acquisition of Digital Assets,555
GME,2025-04-07,PSA announces increased turnaround times for popular service levels,555
GME,2025-04-07,US crypto stocks plunge as bitcoin hits new 2025 low,555
GME,2025-04-07,25 Ways People Took Advantage Of A Loophole To Beat The System,555
GME,2025-04-07,"Console Gaming Market Report 2025 - Remakes, Remasters and Indie Games Power the Future of the $79 Billion Console Gaming Market",555
GME,2025-04-07,German online broker Trade Republic suffers delays as stocks tank,555
GME,2025-04-07,German online broker Trade Republic suffers delays as stocks tank,555
GME,2025-04-07,Baldur’s Gate 3 Matches Lowest Price Ever in New PS5 Sale,555
GME,2025-04-06,"Frosted Flakes Tony the Tiger 6"" Figure In-Hand Images",555
GME,2025-04-06,Lexar made a 1TB microSD Express card that works with Nintendo Switch 2,555
GME,2025-04-06,Walmart Canada officially confirms Switch 2 pre-orders will go live at midnight – is this what we will see in the U.S. too?,555
GME,2025-04-06,GameStop Corp. (NYSE:GME) Shares Bought by Commonwealth Equity Services LLC,555
GME,2025-04-06,"Bitcoin Ditches The Pack: Risk Assets Down, BTC Holds Steady",555
GME,2025-04-05,Four experts give advice for young adults on how to start investing – Diana Clement,555
GME,2025-04-05,Pokemon TCG Knock Out Collection Gets Surprise Restock,555
GME,2025-04-05,GameStop Corp. (NYSE:GME) Shares Bought by Mitsubishi UFJ Asset Management Co. Ltd.,555
GME,2025-04-05,"Blair William & Co. IL Has $363,000 Holdings in GameStop Corp. (NYSE:GME)",555
GME,2025-04-05,Nintendo Delays Switch 2 Pre-Orders in U.S. to Assess Tariffs' Impact,555
GME,2025-04-04,Why GameStop Stock Popped 11% Friday as Stock Indexes Fell,555
GME,2025-04-04,GameStop CEO Purchases $10.7M in GME Stock After Bitcoin Push,555
GME,2025-04-04,Crypto Biz: The ‘worst quarter’ since the FTX collapse is finally behind us,555
GME,2025-04-04,Nintendo Switch 2 U.S. Preorders Delayed Due to Trump Tariffs as Japanese Company Holds for ‘Evolving Market Conditions’,555
GME,2025-04-04,The Last Of Us-Themed DualSense Controllers Restocked At Target,555
GME,2025-04-04,Bitcoin Begins to Decouple From Nasdaq as U.S. Stocks Crumble,555
GME,2025-04-04,Tariffs Hit the DC Multiverse as McFarlane Starts to Increase Prices,555
GME,2025-04-04,Donald Trump Just Ruined Your Switch 2 Preorder Plans,555
GME,2025-04-04,Donald Trump Just Ruined Your Switch 2 Preorder Plans,555
GME,2025-04-04,"Nintendo delays Switch 2 U.S. pre-orders due to tariffs, Canada unclear",555
GME,2025-04-04,"GameStop Has MicroSD Express Cards Up for Preorder, Just in Time for the Switch 2",555
GME,2025-04-04,Hedge funds are scrambling to get tariff data,555
GME,2025-04-04,Switch 2 pre-orders hit Walmart before other Canadian stores,555
GME,2025-04-04,GameStop CEO Cohen Buys $10M of GME Shares Following Bitcoin Acquisition Plan,555
GME,2025-04-04,GameStop CEO Cohen Buys $10M of GME Shares Following Bitcoin Acquisition Plan,555
BB,2025-04-12,H.S. BASEBALL: Tamaqua starts fast to take down Minersville,959
BB,2025-04-12,Officer who fatally shot Winnipeg man in 2020 tells inquest he had few options,959
BB,2025-04-12,Penfolds Grange and La Chapelle Team Up for a Limited-Edition Wine Collaboration,959
BB,2025-04-12,"Zach Johnson, 49, turns back time with 66 in Masters charge",959
BB,2025-04-12,"Review: Domaine Bousquet Gaia Releases, Spring 2025 Releases",959
BB,2025-04-12,REVIEW: Eat HERE in Disney World If You Can’t Stop Thinking About Red Lobster’s Cheddar Bay Biscuits,959
BB,2025-04-12,Baseball Roundup: Fort Jennings uses offensive explosion to get back in win column,959
BB,2025-04-12,Checking Out Small Town Productions’ Springtime Market,959
BB,2025-04-12,Passover 2025: This is the year to support and buy Israeli wines,959
BB,2025-04-12,Benson Boone Rocks 'Bohemian Rhapsody' With Queen Legend at Coachella,959
BB,2025-04-12,JMP Securities Boosts Benitec Biopharma (NASDAQ:BNTC) Price Target to $20.00,959
BB,2025-04-12,2018 Paris-Roubaix Hero: Silvan Dillier Talks Cobbles!,959
BB,2025-04-12,Sea Otter Classic Day 2 Part 2,959
BB,2025-04-12,On The Uniquely American Ability to Make Things Worse,959
BB,2025-04-12,"Chronological Reading for Saturday April 12, 2025 (NIV)",959
BB,2025-04-12,"Old/New Testament Reading for Saturday April 12, 2025 (NIV)",959
BB,2025-04-12,Jacks fight their way to comeback win over defending 8-4A champs,959
BB,2025-04-12,Timm and Koenigs lead Rebel softball team past BP,959
BB,2025-04-12,Blossoms take down Rebels in Adams,959
BB,2025-04-12,Hayfield softball team falls to Houston,959
BB,2025-04-11,Scoreboard,959
BB,2025-04-11,Langer misses cut to bring 41st and final Masters appearance to a close,959
BB,2025-04-11,DeChambeau finding right balance at Augusta National,959
BB,2025-04-11,Strawberry Basil Smash,959
BB,2025-04-11,"Lana Del Rey, Bon Iver, Shaboozey, and All the Songs You Need to Know This Week",959
BB,2025-04-11,Generative AI in Servo,959
BB,2025-04-11,"Review: Wines of the Biltmore Estate, 2025 Releases",959
BB,2025-04-11,"Visions du Réel Crowns ‘The Prince of Nanawa’ as Grand Prix Winner, ‘The Vanishing Point’ Claims Burning Lights Award",959
BB,2025-04-11,Slumping Homa happy to be headed into weekend at the Masters,959
BB,2025-04-11,The emergence of MSU's Noah Sullivan,959
BB,2025-04-11,Eight birdies rescue Masters rookie McCarty after horror start,959
BB,2025-04-11,New rating may fetch Vodafone Idea some credit,959
BB,2025-04-11,Rebel softball team takes down GMLOK,959
BB,2025-04-11,"Bitcoin sellers tap out, clearing the path for a fresh run at new all-time highs",959
BB,2025-04-11,"Bhad Bhabie Alleges She Was Molested by Mom's Ex-BF & Another Man, as a Minor",959
BB,2025-04-11,"5DEV Adds Bottom Brackets, Kashima Color, New GRX Spider & Titanium Top Caps",959
BB,2025-04-11,We found the best prices on Avett Brothers 2025 concert tickets,959
BB,2025-04-11,Fantasy Baseball Bullpen Brief: Stashes to consider and closer situations that have our attention,959
BB,2025-04-11,Celery sold at Walmart recalled in 29 states over possible contamination,959
BB,2025-04-11,Hedgehog-stimulated phosphorylation at multiple sites activates Ci by altering Ci–Ci interfaces without full Suppressor of Fused dissociation,959
BB,2025-04-11,YebC2 resolves ribosome stalling and increases fitness of cells lacking EF-P and the ABCF ATPase YfmR,959
BB,2025-04-11,Stream Cortisa Star’s E.M.O and more projects for New Music Friday,959
BB,2025-04-11,"Best New Tracks: Ken Carson, Bon Iver, Aminé, and More",959
BB,2025-04-11,Masters leader Rose set for early charge in round two,959
BB,2025-04-11,6 Spring Cocktails made with Weber Ranch Vodka,959
BB,2025-04-11,"Teaching Your Kids How to Cook? How to Get Started, No Matter Their Age",959
BB,2025-04-11,Road-tested Tomahawks visit Titans in 1st-round playoff series,959
BB,2025-04-11,Scania köper industridivision av Northvolt,959
BB,2025-04-11,BlackBerry (NYSE:BB) Upgraded by StockNews.com to Hold Rating,959
BB,2025-04-11,Our Most Popular Easter Recipes 2025.,959
BB,2025-04-11,"Starting Pitcher Chart – April 11th, 2025",959
BB,2025-04-11,Thursday’s high school scores and highlights,959
BB,2025-04-11,Baltimore Orioles Top 50 Prospects,959
BB,2025-04-11,"Chronological Reading for Friday April 11, 2025 (NIV)",959
BB,2025-04-11,"Old/New Testament Reading for Friday April 11, 2025 (NIV)",959
BB,2025-04-11,Blue Jays Roundup: Maddie Hoff strikes out eight Thursday,959
BB,2025-04-11,Beavers' batters stay hot to split doubleheader with Bulldogs,959
BB,2025-04-11,Blossoms blanked by St. Clair,959
BB,2025-04-11,Role reversal: LP's Meyer pitches LP to home opening victory,959
BB,2025-04-11,Schaefer leads LP softball team past Lions,959
BB,2025-04-11,A port of Mbed-TLS for the Classic Macintosh OS 7/8/9,959
BB,2025-04-11,Jason Isaacs Just Poured Fuel on 'The White Lotus' Cast Drama,959
BB,2025-04-11,Mining the News (4/10/25),959
BB,2025-04-10,"Eidsness, Bergstrom weigh in on SDSU offense, defense ahead of Spring Game",959
BB,2025-04-10,Motorola - moto g - 2025 128GB (Unlocked) - Forest Gray | Activation with verizon required $98.99 (5 replies),959
BB,2025-04-10,Motorola - moto g - 2025 128GB (Unlocked) - Forest Gray | Activation with verizon required $98.99,959
BB,2025-04-10,Motorola - razr+ 2023 256GB (Unlocked) - Infinite Black | Verizon activation required $249,959
BB,2025-04-10,Motorola - razr+ 2023 256GB (Unlocked) - Infinite Black | Verizon activation required $249 (4 replies),959
BB,2025-04-10,Corn fires 3-hitter as Vikings shut out Eastern in SOC-2,959
BB,2025-04-10,Flyers drop heartbreaking 9-8 decision to Titans in 8 innings,959
BB,2025-04-10,Vikings strand too many baserunners in loss to Fairview,959
BB,2025-04-10,10 Things We Need To See In The Daredevil: Born Again Finale,959
BB,2025-04-10,Fantasy Baseball Prospects Report: Zebby Matthews passed over for now; Bubba Chandler makes presence known,959
BB,2025-04-10,Stinner Frameworks Launches Affordable Tunnel Select Steel and Podium Ti Hardtails,959
BB,2025-04-10,Daredevil season 4 on Netflix would have been quite different from Daredevil: Born Again; a Typhoid Mary story with Alice Eve,959
BB,2025-04-10,This dumbphone made me rethink what I need from a phone - and it beats E Ink,959
BB,2025-04-10,The Best BlackBerry Podcast CrackBerry Never Recorded!,959
BB,2025-04-10,"I ate at Medium Rare, the steakhouse chain with only one choice on its dinner menu. My $35 meal was a pleasant surprise.",959
BB,2025-04-10,Magic: The Gathering Movie May Have Found Its Director,959
BB,2025-04-10,Is Disney’s ‘Star Wars’ Nite Worth the Cost? Here’s Everything We Did in One Night.,959
BB,2025-04-10,Pixel 9a Review: How can it be this cheap AND this good?,959
BB,2025-04-10,‘Daredevil: Born Again’ Episode 8 Recap: Black and White and Red All Over,959
BB,2025-04-10,Hershey’s Is the Latest Brand to Get a Movie Adaptation,959
BB,2025-04-10,This New AI-Powered Samsung Robot Will Follow You Around at Home to Answer Questions,959
BB,2025-04-10,Fantasy Baseball Dynasty Stock Watch: It's Zebby Time,959
BB,2025-04-10,Is Star Wars Nite at Disneyland Park Worth $169?,959
BB,2025-04-10,Introducing the Completely Overhauled Intense Spider | The ‘Trail Light’ Bike,959
BB,2025-04-10,"Ask AI: ""Please Create a Dialogue for the Isaac and Lucretia Seaver Family in 1872 in Leominster, Mass."" - Historical Fiction!",959
BB,2025-04-10,ProstaVive: We Tested It for 90 Days–Our Full Month-by-Month Review and the Shocking Truth About Long-Term Prostate Relief,959
BB,2025-04-10,"Angels Select J.D. Davis, Place Yoan Moncada On IL, Designate Jack Dashwood",959
BB,2025-04-10,Jackson Mahomes keeps low profile with girlfriend to avoid getting into trouble again,959
BB,2025-04-10,Fantasy Baseball Prospects Report: Zebby Matthews has an opening and becomes the top choice to stash,959
BB,2025-04-10,"Nicklaus, Player and Watson pick McIlroy to win Masters",959
BB,2025-04-10,"Fantasy Baseball Waiver Wire: Kyren Paris hits two more homers during Wednesday night's action, and more",959
BB,2025-04-10,Baseball Roundup: Fort Jennings walks off against Crestview,959
BB,2025-04-10,Softball Roundup: Shawnee run-rules Ottoville,959
BB,2025-04-10,Huda Beauty is My Go-To Makeup Brand at Sephora—I Can't Live Without These 6 Products,959
BB,2025-04-10,"Andrew Tate Pointed a Gun in My Face, Another Alleged Victim Claims",959
BB,2025-04-10,"DAREDEVIL: BORN AGAIN Season 1, Episode 8 Recap and Revelations From ‘Isle of Joy’",959
AAPL,2025-04-12,Olivia Munn Says She Contemplated Stepping Away From Acting Before Being Offered ‘Your Friends & Neighbors’ Role,22184
AAPL,2025-04-12,"Apple is now exempt from Trump’s tariffs, here’s how much it could’ve cost you",22184
AAPL,2025-04-12,"Art imitates life as the cast and crew of Mythic Quest are laid off and the last episode patched by Apple to 'say goodbye, instead of just game over'",22184
AAPL,2025-04-12,Android Auto May Soon Work with Smart Glasses,22184
AAPL,2025-04-12,"Trump Adds Tariff Exemptions for Smartphones, Computers and Other Electronics",22184
AAPL,2025-04-12,3 Apple Scams That Target Your Money: How To Protect Yourself,22184
AAPL,2025-04-12,"Ten days, $5 trillion lost: The cost of a trade war unleashed",22184
AAPL,2025-04-12,How to watch Club America vs Cruz Azul in the USA: Live Stream and TV for 2025 Liga MX Clausura Tournament,22184
AAPL,2025-04-12,U.S. tech tariff exemptions offer relief for Apple and TSMC clients—while China still faces higher rates,22184
AAPL,2025-04-12,The White Lotus Season 4 Cast: 12 Actors We'd Love To See Appear,22184
AAPL,2025-04-12,3 Apple Scams That Target Your Money: How To Protect Yourself,22184
AAPL,2025-04-12,Music Notes,22184
AAPL,2025-04-12,The Evil Queen From Snow White Arrives In Disney Speedstorm,22184
AAPL,2025-04-12,"5 top ASX ETFs to buy with $10,000",22184
AAPL,2025-04-12,"A look at Energy Department's Argonne National Lab's PRO-AID, an AI-based tool that can assist with nuclear reactor design and help operators run nuclear plants",22184
AAPL,2025-04-12,"Apple has few incentives to start making iPhones in US, despite President Donald Trump’s trade war with China",22184
AAPL,2025-04-12,Trump administration says it will exclude some electronics from tariffs,22184
AAPL,2025-04-12,Trump administration says it will exclude some electronics from tariffs,22184
AAPL,2025-04-12,mlx-vlm 0.1.22,22184
AAPL,2025-04-12,Transcript: Notre Dame coach Marcus Freeman after 94th Blue-Gold Game,22184
AAPL,2025-04-12,"Smartphones, Computers, Electronic Devices Exempt from Trump Admin's Tariffs on China",22184
AAPL,2025-04-12,"I've Loved All The Studio's Massive Director Guest Stars, But There's One Filmmaker I Desperately Want On The Show",22184
AAPL,2025-04-12,Chuck Todd Says Trump’s ‘Politically Catastrophic’ Tariffs Are ‘Rattling’ His Own Voters | Video,22184
AAPL,2025-04-12,5 smart TV features that could be spying on you and how to stop them,22184
AAPL,2025-04-12,"Nashville SC vs. Real Salt Lake: Score, live game updates in MLS",22184
AAPL,2025-04-12,"The Trump tariff pendulum swings back to 'everything's normal' from 'everything's broken' again, with computers and other electronic devices now exempt from even the steep levies on China",22184
AAPL,2025-04-12,The Jet Li 5-Movie Collection (4K UHD Digital Shout! Factory Films) $15,22184
AAPL,2025-04-12,Trump Can't Recall the Details of His Favorite Cognitive Test (Catherine Bouris/The Daily Beast),22184
AAPL,2025-04-12,Olivia Munn Admits She Was 'Really Nervous' Filming Sex Scenes for 'Your Friends & Neighbors' Amid Cancer Battle,22184
AAPL,2025-04-12,py-apple-books 1.3.1,22184
AAPL,2025-04-12,Trump’s Cuts Tariffs on Phones: How Much Could Apple (Nasdaq: AAPL) Stock Soar On Monday?,22184
AAPL,2025-04-12,How to watch Tigres UANL vs Monterrey in the USA: Live Stream and TV for 2025 Liga MX Clausura Tournament,22184
AAPL,2025-04-12,"What to Watch This Week: 40+ Premieres, Finales and More",22184
AAPL,2025-04-12,Which US shares are Aussie investors buying most during this market volatility?,22184
AAPL,2025-04-12,"Trump spares smartphones, computers, other electronics from China tariffs",22184
AAPL,2025-04-12,Olivia Munn admits she felt ‘really nervous’ filming sex scenes with John Hamm amid cancer battle,22184
AAPL,2025-04-12,"Is it an olive branch and will Xi Jinping call up Donald Trump as U.S exempts smartphones, computers and chips from new tariffs?",22184
AAPL,2025-04-12,The Last Of Us Season 2 New Cast & Returning Character Guide,22184
AAPL,2025-04-12,Why It's Still Worth Buying Blu-rays in 2025,22184
AAPL,2025-04-12,Apple’s ‘Mythic Quest’ is ending with an updated Season 4 finale,22184
AAPL,2025-04-12,Apple’s ‘Mythic Quest’ is ending with an updated Season 4 finale,22184
AAPL,2025-04-12,"Trump exempts smartphone, laptops, chips in China tariff backdown",22184
AAPL,2025-04-12,Apple Stock: 3 Experts Argue Pros and Cons of ‘Buying the Dip’ Amid Trump Tariff Drama,22184
AAPL,2025-04-12,Notre Dame offense pulls away late for victory in Blue-Gold Game,22184
AAPL,2025-04-12,'Trump is bending to reality': Fox reporter exposes President's latest 'sign of retreat',22184
AAPL,2025-04-12,pc has cpu costantly at 100%,22184
AAPL,2025-04-12,pc has cpu costantly at 100%,22184
AAPL,2025-04-12,Mythic Quest Cancelled,22184
AAPL,2025-04-12,���-29 ��������� ����������� ��2025 ���. �������� ���������� �����,22184
AAPL,2025-04-12,e-ink pdf reader for someone who has only used apple products,22184
AAPL,2025-04-12,Indie App Spotlight: ‘VoicePen’ transcribes your meetings and lectures into text notes,22184
AAPL,2025-04-12,Devastated brother of mom killed in Hudson River helicopter crash vows to ‘keep your smile alive every day’,22184
AAPL,2025-04-12,SlimBrew Under Review: Science-Backed Keto-Friendly Ingredients for Weight Loss,22184
AAPL,2025-04-12,Benson Boone Announced His Sophomore Album ‘American Heart’ During Coachella 2025 Weekend One,22184
AAPL,2025-04-12,US triathlon superstar Sam Long gives 'astounding' nutrition debrief after BRUTAL T100 Singapore,22184
AAPL,2025-04-12,"Trump Removes Tariffs On Electronics In Big Win For Apple, Samsung, Others",22184
AAPL,2025-04-12,Are Smartphones and Laptops Exempt From Trump’s ‘Reciprocal’ Tariffs? Here’s What to Know,22184
AAPL,2025-04-12,Is Apple’s refurbished store a good deal?,22184
AAPL,2025-04-12,Ben Stiller Says ‘Severance’ Fanbase is ‘Pretty Crazy’ but ‘I’m Trying to Make Everyone Love Me’ | Video,22184
AAPL,2025-04-12,MGK Makes Surprise Appearance at Coachella After Welcoming Baby with Megan Fox,22184
AAPL,2025-04-12,"Trump Adds Tariff Exemptions for Smartphones, Computers and Other Electronics",22184
AAPL,2025-04-12,Veteran investor turns heads with Apple tariff view,22184
AAPL,2025-04-12,"Budget-friendly 256GB iPad 10 drops to its lowest price on Amazon, making it smashing good deal",22184
AAPL,2025-04-12,iPhone Price Hike Fears Laid To Rest After Tax Exemptions,22184
AAPL,2025-04-12,Analysis: What are the potential impacts of Trump's tariffs on the Irish supply chain?,22184
AAPL,2025-04-12,UFC 314: Volkanovski vs. Lopes watch-along live stream with MMA Junkie Radio,22184
AAPL,2025-04-12,"Boost for Apple and Nvidia as Trump exempts smartphones, computers, and electronic items from tariffs; will stocks rise following the move?",22184
AAPL,2025-04-12,"Deals: Galaxy A36 gets its first discount, Galaxy Tab S10 FE slates go up against iPad Airs (2025)",22184
AAPL,2025-04-12,"Trump Exempts Smartphones and Other Electronics From China Tariffs in Huge Win for Apple, Dell",22184
AAPL,2025-04-12,"China’s 25,000 Ton Gold Stash: Preparing to Kill the Dollar?",22184
AAPL,2025-04-12,"Frankly, After 3 Months The Apple Credit Card Just Kind of Stinks Compared to Others",22184
AAPL,2025-04-12,Apple shares new ‘Emergency SOS on Apple Watch’ video,22184
AAPL,2025-04-12,More iPhone 16e repair parts available,22184
AAPL,2025-04-12,The 16-inch M4 Pro MacBook Pro 512GB is $175 Off,22184
AAPL,2025-04-12,Trump administration to exclude some electronics from reciprocal tariffs,22184
AAPL,2025-04-12,"Trump Keeps Backing Down, Exempts Phones and Computers from Tariffs",22184
AAPL,2025-04-12,Apple carrier satellite services expands to more countries,22184
AAPL,2025-04-12,"Are iPhone prices safe? Phones, computers, and chips are now exempt from US tariffs",22184
AAPL,2025-04-12,The 3 ASX ETFs I'd buy to build a bulletproof portfolio,22184
AAPL,2025-04-12,"US tariffs will exempt smartphones and other key tech, for now",22184
AAPL,2025-04-12,New White House tariff exemptions for electronics could offer temporary break for tech,22184
AAPL,2025-04-12,"Tesla’s 2025 Spring Update Brings B-Pillar Recording, Dashcam Upgrades, and More",22184
AAPL,2025-04-12,Limited Time Deal Takes 19% Off A 256GB Galaxy S25 Ultra With AI,22184
AAPL,2025-04-12,Godzilla: How One Famous Rock Band Hoodwinked The Kaiju’s Most Hated Movie,22184
AAPL,2025-04-12,Netflix will let you search for shows to watch based on your mood,22184
AAPL,2025-04-12,It’s Time To Treat Yourself To Apple Watch SE For Just $169.97,22184
AAPL,2025-04-12,Tariff Surprise: Smartphones and Computers Get Exempted in Late-Night Reversal,22184
AAPL,2025-04-12,I reviewed the Duracell G800 and it has one feature that no other portable power station I have ever tried has,22184
AAPL,2025-04-12,"Marathon Closed Alpha Begins In April, Here's How To Sign Up",22184
AAPL,2025-04-12,Ali Mau discusses her new memoir and advocacy for sexual abuse survivors – Ask Me Anything with Paula Bennett,22184
AAPL,2025-04-12,"Eric Adams cuts short visit to Dominican Republic, heads back to NYC to meet with Hudson River helicopter crash victims’ families",22184
AAPL,2025-04-12,Donald Trump's Tariff Exemptions Raise Eyebrows—'Almost Getting Comical',22184
AAPL,2025-04-12,‘Politically Catastrophic’: Chuck Todd Breaks Down Why Trump’s Tariff-Stock Market Debacle is His ‘Afghanistan Moment’,22184
AAPL,2025-04-12,"Apple, Nvidia, and Microsoft can 'breathe a huge sigh of relief' after Trump's China tariff exemptions",22184
AAPL,2025-04-12,Doomed Hudson River helicopter was once featured in video touting safety record — as beleaguered company says it’s not operating until further notice,22184
AAPL,2025-04-12,Trump administration says will exclude some electronics from reciprocal tariffs,22184
MSFT,2025-04-12,Google’s cloud play: integrated AI from infrastructure to apps,8797
MSFT,2025-04-12,Pinta 3.0 brings major GTK4 overhaul,8797
MSFT,2025-04-12,"5 top ASX ETFs to buy with $10,000",8797
MSFT,2025-04-12,Trump administration says it will exclude some electronics from tariffs,8797
MSFT,2025-04-12,Use Excel Troubleshooter to fix Excel problems on Windows 11,8797
MSFT,2025-04-12,New Xbox Series X Exclusive Comes With Free Download,8797
MSFT,2025-04-12,Windows 11 update creates mysterious inetpub folder,8797
MSFT,2025-04-12,"Trump spares smartphones, computers, other electronics from China tariffs",8797
MSFT,2025-04-12,Show HN: OctAPI – Visualize API Routes Directly in VS Code,8797
MSFT,2025-04-12,Can Microsoft Win the AI Race? I Want to Try These Copilot Features First,8797
MSFT,2025-04-12,Can Microsoft Win the AI Race? I Want to Try These Copilot Features First,8797
MSFT,2025-04-12,9 apps that keep me bound to Google's ecosystem,8797
MSFT,2025-04-12,pc has cpu costantly at 100%,8797
MSFT,2025-04-12,pc has cpu costantly at 100%,8797
MSFT,2025-04-12,Bigger isn't always better: Examining the business case for multi-million token LLMs,8797
MSFT,2025-04-12,Are Smartphones and Laptops Exempt From Trump’s ‘Reciprocal’ Tariffs? Here’s What to Know,8797
MSFT,2025-04-12,iPhone Price Hike Fears Laid To Rest After Tax Exemptions,8797
MSFT,2025-04-12,"Why is there a ""small house"" in IBM's Code page 437?",8797
MSFT,2025-04-12,Where Top VCs Think Crypto x AI Is Headed Next,8797
MSFT,2025-04-12,"China’s 25,000 Ton Gold Stash: Preparing to Kill the Dollar?",8797
MSFT,2025-04-12,Trump administration to exclude some electronics from reciprocal tariffs,8797
MSFT,2025-04-12,The 3 ASX ETFs I'd buy to build a bulletproof portfolio,8797
MSFT,2025-04-12,"Trump exempts PCs, smartphones, and components from tariffs",8797
MSFT,2025-04-12,"Tesla’s 2025 Spring Update Brings B-Pillar Recording, Dashcam Upgrades, and More",8797
MSFT,2025-04-12,Limited Time Deal Takes 19% Off A 256GB Galaxy S25 Ultra With AI,8797
MSFT,2025-04-12,It’s Time To Treat Yourself To Apple Watch SE For Just $169.97,8797
MSFT,2025-04-12,Freud at your fingertips: Many people are using ChatGPT as their therapist. Is there a business opportunity in AI-powered therapy?,8797
MSFT,2025-04-12,Donald Trump's Tariff Exemptions Raise Eyebrows—'Almost Getting Comical',8797
MSFT,2025-04-12,"Apple, Nvidia, and Microsoft can 'breathe a huge sigh of relief' after Trump's China tariff exemptions",8797
MSFT,2025-04-12,"Consumer Tech News (April 7-April 11): US President Puts 90-Days Pause On Tariffs, Microsoft May Cut Jobs & More",8797
MSFT,2025-04-12,Microsoft finally removes a six-month old Windows 11 24H2 update block,8797
MSFT,2025-04-12,Accessory Maker Anker Raises Prices Following US Tariffs,8797
MSFT,2025-04-12,"Symbolic Link trick lets attackers bypass FortiGate patches, Fortinet warns",8797
MSFT,2025-04-12,Trump administration says it will exclude some electronics from reciprocal tariffs,8797
MSFT,2025-04-12,$4.3 billion to cover Medicaid patients … TWICE!,8797
MSFT,2025-04-12,Trump administration says it will exclude some electronics from reciprocal tariffs,8797
MSFT,2025-04-12,Microsoft is Killing Skype - and Refusing Refunds for Prepaid International Calls,8797
MSFT,2025-04-12,Recession Risks Are Soaring: Here's How Smart Investors Get Rich,8797
MSFT,2025-04-12,"The More You Sell, The More I Buy: LyondellBasell",8797
MSFT,2025-04-12,Microsoft Corporation (MSFT): AI Data Center Pause Signals Strategic Rethink in Cloud Infrastructure,8797
MSFT,2025-04-12,The Bond Market’s Rout Is Bad News for the U.S. Economy,8797
MSFT,2025-04-12,"Cathie Wood, Mario Gabelli, and 5 Other Pros on the Market Turmoil—and What Comes Next",8797
MSFT,2025-04-12,"Apple, Nvidia score major wins with tariff exemptions on iPhones and other tech",8797
MSFT,2025-04-12,"Arguments start Monday in the FTC's antitrust suit targeting Meta's acquisitions of Instagram and WhatsApp, amid reports Zuckerberg asked Trump to intervene",8797
MSFT,2025-04-12,Why Many Business Owners are Finally Moving on From Microsoft 365,8797
MSFT,2025-04-12,Microsoft Corporation (MSFT): AI Data Center Pause Signals Strategic Rethink in Cloud Infrastructure,8797
MSFT,2025-04-12,This $666 box can play Doom — Limited Run Games unveils the ultimate collector's edition set for Doom fans,8797
MSFT,2025-04-12,How We Review Gaming Laptops,8797
MSFT,2025-04-12,AI is making hyperscalers' sustainability pledges look more and more like a Hail Mary,8797
MSFT,2025-04-12,PS5 Gets Another Xbox First-Party Game Next Month,8797
MSFT,2025-04-12,Trump administration says it will exclude some electronics from 'reciprocal' tariffs,8797
MSFT,2025-04-12,Tycoon2FA phishing kit targets Microsoft 365 with new tricks,8797
MSFT,2025-04-12,Trump administration says it will exclude some electronics from ‘reciprocal’ tariffs,8797
MSFT,2025-04-12,The most important court case you've never heard of is set to happen in the UK,8797
MSFT,2025-04-12,"AI Might Not Be Taking Your Programming Job Just Yet, Says Microsoft Research",8797
MSFT,2025-04-12,"AI Might Not Be Taking Your Programming Job Just Yet, Says Microsoft Research",8797
MSFT,2025-04-12,"BREAKING: Trump drops tariffs on PCs, laptops, smartphones, and gaming consoles",8797
MSFT,2025-04-12,"Ignore the Tariffs, Apple Is Slashing the Price of Its iPad 10 to a Record Low (50% Off)",8797
MSFT,2025-04-12,Hackers find a way around built-in Windows protections,8797
MSFT,2025-04-12,The end is nigh for Windows 10 – here are 5 things Microsoft must do to get people to love Windows 11,8797
MSFT,2025-04-12,Use Microsoft 365 Setup Troubleshooter to install Microsoft 365 on Windows 11,8797
MSFT,2025-04-12,The Trump administration excludes smartphones along with selected computers and laptops from reciprocal tariffs,8797
MSFT,2025-04-12,Blaze Triggers Alarm Over Rapid Growth of Big Batteries,8797
MSFT,2025-04-12,"Today’s Hot Deals: Save Big on Mini PC, Smart Corner Lamp, Soundcore Shower Speaker, KB Star Wars Skeleton Crew Funko Figure, and More!",8797
MSFT,2025-04-12,Trump Signals US Will Skip South Africa G20 Over Land Claims,8797
MSFT,2025-04-12,Tesla’s stock set for a ‘death cross’ on Monday: 3 reasons why it’s a risky buy,8797
MSFT,2025-04-12,Microsoft inks massive carbon removal deal powered by a paper mill,8797
MSFT,2025-04-12,UK MPs Pass Emergency Bill to Rescue Troubled British Steel,8797
MSFT,2025-04-12,Nvidia’s Dominance Reflects the CEO’s Unique Business Logic,8797
MSFT,2025-04-12,Fed’s Deepest Tariff Fear Is a Price Shock That Won’t Fade Away,8797
MSFT,2025-04-12,"Trump Exempts Phones, Computers, Chips From ‘Reciprocal’ Tariffs",8797
MSFT,2025-04-12,UK to pass emergency laws to take control of British Steel,8797
MSFT,2025-04-12,Torn Pro & Fluid Mask ZBrush Plugins,8797
MSFT,2025-04-12,Pinta 3.0,8797
MSFT,2025-04-12,"I found a Chrome killer, and I'm absolutely thrilled",8797
MSFT,2025-04-12,Is Microsoft Corp. (NASDAQ:MSFT) a NASDAQ Stock with the Highest Upside Potential?,8797
MSFT,2025-04-12,Tariff confusion leaves tech shoppers questioning if they should buy now or risk waiting,8797
MSFT,2025-04-12,"Apple's 'complete disaster,' Microsoft's tariff uncertainty, and Amazon's vibe: Tech news roundup",8797
MSFT,2025-04-12,RayNeo Air 3s AR glasses review: Cheaper and better in every way,8797
MSFT,2025-04-12,Why training AI can't be IP theft,8797
MSFT,2025-04-12,Upgrade unsupported computer to Windows 11 using Rufus easily,8797
MSFT,2025-04-12,Martian Perchlorates in Minecraft Education,8797
MSFT,2025-04-12,Is Microsoft Corp. (NASDAQ:MSFT) a NASDAQ Stock with the Highest Upside Potential?,8797
MSFT,2025-04-12,Zerodha's Nikhil Kamath wants to take a 'job in the US'; Bill Gates shares his advice,8797
MSFT,2025-04-12,Don’t pay more for Windows Pro’s features. Use these free tools instead,8797
MSFT,2025-04-12,Best Linux distros for reviving an old PC,8797
MSFT,2025-04-12,Microsoft Begins Rolling Out Its Long-Awaited Recall Feature,8797
MSFT,2025-04-12,The CEO of Microsoft AI has some 'sort of obvious' advice for young people looking to succeed,8797
MSFT,2025-04-12,The CEO of Microsoft AI has some 'sort of obvious' advice for young people looking to succeed,8797
MSFT,2025-04-12,I paid $20 for an AI marketing agent - and here's what it got me,8797
MSFT,2025-04-12,Every Kendrick Lamar Album In Order Of Release,8797
MSFT,2025-04-12,Attackers are exploiting recently disclosed OttoKit WordPress plugin flaw,8797
MSFT,2025-04-12,Women Make Movies’ Debra Zimmerman Slams U.S. Grant Cuts at Visions du Réel,8797
MSFT,2025-04-12,Lenovo Yoga Slim 7x Review: Thought OLED was overrated? Not with this laptop - it's one of the best-looking I've ever used,8797
MSFT,2025-04-12,Microsoft’s Greatest Hits and Epic Fails: A 50-Year Wild Ride,8797
MSFT,2025-04-12,Nvidia and Google back Sutskever's quest for artificial superintelligence,8797
MSFT,2025-04-12,"5 reasons I prefer Proton VPN over NordVPN, ExpressVPN, and Surfshark",8797
